13,3,2025-07-15
13,4,2026-02-02
13,5,2025-09-21
13,16,2025-01-29
13,16,2025-05-02
13,24,2025-05-12
357,9,2026-03-08
410,25,2024-10-29
428,17,2024-08-02
479,20,2025-08-31
512,22,2024-12-05
513,28,2024-04-21
598,11,2025-03-07
621,28,2024-12-17
636,18,2025-10-10
662,19,2025-05-05
668,2,2025-10-11
671,12,2026-01-08
674,1,2024-04-10
763,23,2024-08-15
782,7,2025-03-17
788,8,2024-04-05
804,13,2024-01-07
814,21,2025-11-04
838,28,2025-11-24
842,26,2024-12-22
925,13,2025-02-09
942,18,2024-09-15
943,1,2024-02-24
956,26,2024-11-15
972,11,2024-10-09
1015,5,2025-12-29
1074,22,2026-02-09
1083,10,2024-05-22
1116,29,2024-12-04
1155,30,2025-02-09
1166,30,2024-01-30
1242,15,2025-02-11
1267,27,2025-05-02
1365,3,2024-07-09
1387,30,2025-11-04
1390,2,2024-01-31
1459,16,2025-01-08
1471,29,2025-07-19
1487,4,2024-03-16
1498,21,2025-11-11
1513,12,2025-05-22
1537,23,2025-06-06
1579,5,2025-01-24
1580,11,2024-06-20
1586,7,2024-07-10
1628,16,2024-07-23
1682,9,2024-03-27
1703,4,2025-12-31
1730,28,2025-10-25
1802,15,2024-10-25
1815,6,2024-04-03
1821,28,2024-01-24
1827,15,2024-06-30
1845,16,2024-04-26
1847,2,2025-04-06
1856,14,2025-10-28
1863,1,2026-02-02
1880,14,2024-05-19
1907,2,2024-10-06
1943,25,2024-04-17
1994,3,2025-11-27
2014,7,2024-03-30
2015,6,2024-01-06
2017,12,2025-10-02
2067,24,2026-03-01
2069,3,2025-11-07
2075,16,2025-07-31
2080,19,2025-09-04
2090,14,2025-03-16
2091,10,2024-10-02
2108,1,2024-12-20
2116,9,2025-02-01
2137,6,2024-04-19
2142,24,2025-11-26
2148,16,2025-08-29
2159,2,2026-03-13
2168,22,2024-04-18
2197,30,2025-03-18
2219,8,2025-07-21
2221,18,2024-11-06
2248,9,2026-01-12
2262,20,2025-12-19
2292,19,2025-04-04
2324,3,2025-01-24
2364,14,2025-08-31
2384,7,2024-05-15
2388,24,2025-04-19
2426,27,2024-12-22
2433,13,2024-11-07
2465,17,2025-03-24
2467,30,2025-10-17
2551,15,2024-11-22
2571,25,2025-03-01
2575,27,2025-03-24
2580,12,2024-09-09
2631,11,2025-03-21
2655,18,2024-09-04
2697,20,2025-01-03
2728,8,2024-12-28
2744,29,2024-06-12
2770,10,2024-06-22
2770,27,2024-04-09
2821,20,2026-03-20
2859,1,2025-05-27
2872,20,2025-07-03
2899,17,2025-12-26
2912,3,2025-08-22
2918,8,2024-04-01
2925,8,2024-01-27
2966,22,2025-03-16
